datetime,temp,feelslike,dew,humidity,precip,preciptype,snow,windspeed,winddir,cloudcover
2023-01-01,2.9,1.9,2,93.9,0.029,rain,0,12.5,282.2,72
2023-01-02,2,-1,0.2,88.4,0.046,"rain,snow",0,23.3,158.3,53.6
2023-01-03,9.2,7.5,8.6,95.6,1.263,rain,0,29.7,200.6,94.2
2023-01-04,9.3,7.3,7.8,90.3,1.152,rain,0,28,238.6,82.5
2023-01-05,8.5,6.3,6.8,89.6,0.616,rain,0,42.3,215.3,85.3
2023-01-06,7.1,4.1,5.4,89,0.339,rain,0,25.7,188.8,78.8
2023-01-07,5.4,1.4,3.5,87.5,1.561,rain,0,37.9,190.8,71.7
2023-01-08,5.7,2,3,82.8,0.482,rain,0,28.5,225.2,75.6
2023-01-09,5.4,1.4,2.6,82.2,0.276,rain,0,44.4,270.5,77.5
2023-01-10,7.9,5.3,6.6,91.5,3.589,rain,0,43,221.7,84.8
2023-01-11,6.7,3.1,4.1,83.5,0.919,rain,0,39.2,248.9,76.2
2023-01-12,7.7,3.3,5.1,84,2.321,rain,0,48.3,247.5,81.6
2023-01-13,6.9,3.4,4.7,86.4,3.159,rain,0,36.3,242.5,79.5
2023-01-14,4.2,-0.3,2.2,86.7,2.395,rain,0.1,34.3,261.5,72.5
2023-01-15,3.3,0.7,2.2,93.2,0.694,rain,0,24,273.2,77.7
2023-01-16,0,-1.3,-1.2,91.5,0.206,"rain,snow",0.1,12.5,341.2,70.6
2023-01-17,-0.4,-3.5,-1.8,90.3,0.117,"rain,snow",0,20.3,303.1,58.1
2023-01-18,1.7,-1.9,-0.1,88.3,2.41,"rain,snow",0.2,26.4,305.9,77.6
2023-01-19,0.8,-0.6,-0.5,91,0.136,"rain,snow",0,11.7,272,65.2
2023-01-20,2.3,-0.7,1.6,95.1,0.014,rain,0,15.4,137,94.5
2023-01-21,8.1,5,7.6,96.5,0.152,rain,0,29.2,177.9,97.7
2023-01-22,8.4,6.6,8,97.4,0.473,rain,0,24,186.4,91.1
2023-01-23,7.7,5.9,7.5,98.6,0.039,rain,0,14.8,184.8,95.3
2023-01-24,8.5,6.6,8.2,98,0.071,rain,0,17.6,203.7,96.3
2023-01-25,7.6,5.3,5.7,88.2,0.206,rain,0,20.5,298,80.8
2023-01-26,6.1,4.7,2.3,76.8,0,,0,15.6,341.3,87.4
2023-01-27,5.2,4,2.7,84.1,0.029,rain,0,14.8,212.8,92.8
2023-01-28,6.4,4.7,5,90.9,0.185,rain,0,11.9,265.8,89.1
2023-01-29,7.2,4.9,5.3,87.9,0.049,rain,0,32.6,250.8,86.4
2023-01-30,7.3,4.5,4.4,82.3,0.011,rain,0,22.3,242.5,89.2
2023-01-31,7.3,3.4,3.8,78.4,0.245,rain,0,35.9,268.4,79
2023-02-01,8.5,5.1,5.2,80,0.446,rain,0,32.8,255,84.9
2023-02-02,9.5,7.4,7.7,88.5,0.094,rain,0,30.5,232.2,91.2
2023-02-03,9.7,8.1,8.4,91.5,0.109,rain,0,24.8,217.8,88.1
2023-02-04,6.7,4.3,4.4,85,0.489,rain,0,24.4,233.8,70.7
2023-02-05,2.7,0,0.9,88.4,0,,0,20.8,165.6,43.7
2023-02-06,7.3,4.3,5.9,91.1,0.197,rain,0,23.2,179.7,87.9
2023-02-07,7,5.2,6,93.6,0.424,rain,0,18.5,209.6,69.9
2023-02-08,6.1,2.7,4.6,90.7,0.313,rain,0,35.3,211.9,87.4
2023-02-09,5.2,2.4,1.4,76.6,0.029,rain,0,18.8,225.7,84.8
2023-02-10,8.7,6.8,7.2,90.8,0.098,rain,0,24.5,221.1,92.2
2023-02-11,8.1,6.1,6,87.3,0.088,rain,0,15.7,186.8,94.6
2023-02-12,7.7,5.2,4.6,81.2,0.018,rain,0,19.2,158.4,92.1
2023-02-13,7.8,5.5,3.8,76.3,0,,0,29.8,157,53.3
2023-02-14,10.7,9.7,7.8,82.4,0.153,rain,0,30.9,160.8,90.2
2023-02-15,7.5,4.6,5.9,90.2,1.498,rain,0,26,195.3,89.2
2023-02-16,9,7.9,8.4,96.2,1.271,rain,0,28.7,226.6,95.8
2023-02-17,10.5,10.1,9.1,91,0.275,rain,0,46,246.3,92.1
2023-02-18,9.6,7.8,7.3,85.5,1.055,rain,0,36,263.2,86.8
2023-02-19,9,7.2,7.8,92.1,0.121,rain,0,30.3,221.6,91.5
2023-02-20,10.2,8.9,9.3,94,0.425,rain,0,28.2,223.9,94.7
2023-02-21,8.3,5.4,7.4,94.3,3.457,rain,0,27.3,218.9,94.5
2023-02-22,3.9,0.2,1.7,85.8,1.1,rain,0,25.4,321.7,62.3
2023-02-23,5.4,3.2,3.6,88.5,0.15,rain,0,15.3,314.2,78.2
2023-02-24,7.6,5.2,5.3,85.7,0.106,rain,0,21.8,341,87
2023-02-25,4.4,1.6,1.1,80.3,0.006,rain,0,16.8,68.2,53.1
2023-02-26,4.4,1.2,-0.1,73.1,0,,0,21.5,101.4,67.6
2023-02-27,3.9,1.2,0.6,79.2,0,,0,17.7,120.1,66.2
2023-02-28,5,3.1,0.5,72.9,0,,0,16.6,42.4,99.2
2023-03-01,5,2.4,0.5,73,0,,0,19.1,63.2,96.9
2023-03-02,5.9,3.7,2.5,78.8,0.003,rain,0,16.7,54.6,94.4
2023-03-03,5.3,4.5,1.5,76.9,0.1,rain,0,9,52.3,82.6
2023-03-04,4.3,3.6,-0.5,71,0,,0,9.4,28.4,99.6
2023-03-05,5.1,3.2,2.8,85.2,0.295,rain,0,18.3,277.7,85.6
2023-03-06,4.9,2.4,3.7,92.4,0.195,rain,0,17.8,337.6,89.8
2023-03-07,1.5,-1.6,-2.8,74.3,0.067,"rain,snow",0,16.6,25.5,65
2023-03-08,1.2,-3.4,-3.9,69.4,0,,0,28.7,65.8,81.8
2023-03-09,0.7,-5,-0.7,90.3,1.531,"rain,snow",5.5,34.7,46.4,94.5
2023-03-10,1.3,-1.1,-1.3,83.6,0.787,"rain,snow",0,18.8,85.6,68.6
2023-03-11,3.8,0,2.7,92.2,1.117,"rain,snow",1.9,32.9,142.3,94.5
2023-03-12,9.5,8.1,8.5,93.9,0.513,rain,0,28.7,207,92
2023-03-13,7.6,5,5.7,88.3,4.091,"rain,snow",0,27.7,283.1,82.5
2023-03-14,2.6,-0.6,-0.1,83.5,0.593,"rain,snow",0.1,35.2,298.1,61.9
2023-03-15,5.4,3.2,4.8,95.6,1.823,rain,0,21.4,155.1,98.2
2023-03-16,10.8,10.6,9.4,91.5,2.309,rain,0,26.3,192.6,83.8
2023-03-17,9.6,8.6,8.8,94.6,0.637,rain,0,19.2,138.6,91
2023-03-18,7.4,4.9,4.4,82.4,0.593,rain,0,29.1,314.1,79.2
2023-03-19,6,4,4.5,90.5,0.766,rain,0,23,186.3,91.8
2023-03-20,10.9,10.9,10.4,96.5,1.074,rain,0,22.2,192.7,96.4
2023-03-21,9.5,7.2,8.8,95.8,5.594,rain,0,35.9,197.4,87
2023-03-22,6.9,3.2,4,82,1.791,rain,0,36.3,215.6,68.2
2023-03-23,7,3.8,5.4,89.6,0.383,rain,0,30.2,197.6,71.3
2023-03-24,7.4,3.6,5.5,88,2.426,rain,0,36.3,235.5,75
2023-03-25,8.4,6.7,5,79.9,0.209,rain,0,21,251.5,65.5
2023-03-26,7.2,5.7,3.9,80.7,0,rain,0,16.6,23.5,60.8
2023-03-27,6.2,3.5,2.4,76.7,0.038,rain,0,19.8,121.9,83.2
2023-03-28,9.6,7.9,8.3,91.7,0.424,rain,0,23.4,180.2,91.2
2023-03-29,10.8,10.5,9,88.9,0.515,rain,0,38.9,189.1,83.7
2023-03-30,10.8,9.6,8.5,86.5,0.57,rain,0,26.3,187.3,81.4
2023-03-31,9.2,7.9,8.4,94.8,2.899,rain,0,21.9,309.5,91
2023-04-01,8.3,5.7,5.6,83.8,0.378,rain,0,29.2,322.8,78.9
2023-04-02,8,7.1,3.4,73.8,0.003,rain,0,15.3,167.3,67.6
2023-04-03,8.4,6.5,5.3,81.1,0.009,rain,0,28.7,155.4,84.4
2023-04-04,9,6.8,7.4,89.7,0.377,rain,0,30.1,176.8,91.9
2023-04-05,10.3,10.1,8.5,89,0.646,rain,0,24.1,236.7,92
2023-04-06,7.6,6.5,4.2,80.2,0.449,rain,0,17.6,295.3,57.2
2023-04-07,7.6,6.1,3.4,76.7,0,,0,26.8,160,61.2
2023-04-08,9.3,7.7,5.3,77,0,,0,24.6,152.5,89.8
2023-04-09,9.7,8,7.7,87.7,0.991,rain,0,31.7,166.2,89.3
2023-04-10,7.1,3.9,4.6,84.8,0.316,rain,0,34.2,247.9,58.4
2023-04-11,4.7,1.1,3.1,89.5,0.471,rain,0,38.5,217.7,77.1
2023-04-12,4.8,0.5,2.3,84.9,2.698,"rain,snow",0,53.3,292.9,82.7
2023-04-13,6.6,4.4,1.1,69.5,0.024,rain,0,26.6,275.7,50.4
2023-04-14,6.1,5.1,2.1,76.7,0.19,"rain,snow",0,30,298,52.3
2023-04-15,6.7,5.1,4.6,87.3,0.63,rain,0,26.3,171.1,74.9
2023-04-16,12.9,12.7,11.3,90.5,0.412,rain,0,18.8,198.4,87.6
2023-04-17,13.1,13.1,10.4,84.2,0,rain,0,19.1,163.2,87.5
2023-04-18,11.3,10.5,7.2,77.7,0,rain,0,24.7,106.2,66.3
2023-04-19,8.9,7.1,4.7,75,0,rain,0,24.7,90.1,67.2
2023-04-20,10.2,8.6,2.1,58.6,0,,0,29.1,97.9,35.3
2023-04-21,10.4,9.1,3.8,65.1,0,rain,0,32.2,75.7,50
2023-04-22,7.5,5.1,5.7,88.4,2.48,rain,0,23.9,34.9,86.4
2023-04-23,8.5,7.3,5.7,83.5,0.106,rain,0,18.1,348.3,65.7
2023-04-24,6.9,3.9,1.9,72.3,0.826,rain,0,25.3,11.1,56.8
2023-04-25,6,3.9,0.2,68,0,rain,0,14.6,91.9,67.1
2023-04-26,9,7.7,4.7,75.1,0.053,rain,0,21.4,137.7,89.6
2023-04-27,10.5,9.6,8.2,86.2,0.126,rain,0,16.6,142.4,92.9
2023-04-28,12.4,12.4,10.6,89.4,1.228,rain,0,13.8,243.8,88.8
2023-04-29,13.4,13.4,11.1,86.9,0.1,rain,0,13.6,189,91.8
2023-04-30,12.2,12.2,10.7,90.6,1.6,rain,0,24.4,245.1,86.6
2023-05-01,11.5,11.1,9.1,85.6,0.227,rain,0,14.2,303.3,88.8
2023-05-02,12,11.4,8.5,80.2,0,rain,0,15.6,131.1,90
2023-05-03,13.1,12.9,8.9,76.5,0.029,rain,0,25,124.3,84.4
2023-05-04,11.8,11.8,7.8,76.7,0,rain,0,28,95.7,90.3
2023-05-05,11.7,11.4,9.8,88.9,1.008,rain,0,22.8,185.9,82.7
2023-05-06,12.8,12.8,10,84.4,0.195,rain,0,17.9,189.8,78.3
2023-05-07,12.7,12.6,10.7,88.3,0.337,rain,0,23.4,176.3,89.5
2023-05-08,13.4,13.3,12,91.5,1.301,rain,0,22.4,215.9,91
2023-05-09,11.3,10.9,9.1,87.1,0.761,rain,0,22.5,223.7,79.9
2023-05-10,10.5,9.8,9.3,92.8,0.668,rain,0,27.5,256.9,89.7
2023-05-11,11.4,10.4,9.1,86.4,0.553,rain,0,30.6,323,82.8
2023-05-12,12.7,12.1,8.8,78.6,0,rain,0,16.9,343,49.2
2023-05-13,12.5,12.3,8.9,79.7,0,,0,18.9,203.2,57.7
2023-05-14,10.8,10.3,6.7,77.5,0.918,rain,0,25.4,291.1,76.8
2023-05-15,9.3,8.5,4.5,73.7,0.029,rain,0,16.1,303.9,68.5
2023-05-16,10.3,9.8,5.9,75.7,0,,0,16.6,303.2,50.6
2023-05-17,10.5,10.4,6.5,77.9,0,,0,19.6,230.1,77.9
2023-05-18,11.5,10.8,9.3,87.2,0.099,rain,0,19.9,232.9,80.2
2023-05-19,11.8,11.6,9.3,85.6,0,rain,0,18,274.8,80.2
2023-05-20,13,13,11.9,93.9,1.47,rain,0,11.4,263.3,96.9
2023-05-21,12.3,12.1,9.5,84.2,0.059,rain,0,18,355,89.3
2023-05-22,10.5,9.8,5.4,72.5,0,,0,19.1,345,70.5
2023-05-23,11,10.8,7.3,78.9,0,,0,17.3,284.5,84.1
2023-05-24,11.8,11.5,8.8,82.3,0,,0,14.7,307.2,81.5
2023-05-25,13.2,13.2,10.1,81.9,0,rain,0,18,337.4,86.3
2023-05-26,14.2,14.1,9.2,73.9,0,,0,16.6,19.1,56.7
2023-05-27,14.1,14.1,9.6,75.4,0,rain,0,18.9,343.5,67.3
2023-05-28,12.3,12,6.4,68.6,0,,0,20.6,22,66.2
2023-05-29,13.4,12.6,7.4,68.9,0,,0,14.6,63.3,54.1
2023-05-30,15.9,15.7,8.8,65.5,0,,0,14.4,83,33.8
2023-05-31,16.7,16.6,10.5,69.6,0,,0,20.5,36.4,31.4
2023-06-01,16.5,16.5,11.2,72.7,0,,0,17.1,61.6,37.6
2023-06-02,15.2,15,9.9,72.6,0,,0,15.6,67.3,32.7
2023-06-03,16.3,16.3,10,70,0,,0,11.5,57.8,38
2023-06-04,16.7,16.5,8.7,61.9,0,,0,14.4,93.3,25.1
2023-06-05,17.5,17.5,8.8,58.8,0,rain,0,16.6,97.2,31.3
2023-06-06,17.5,17.5,10.5,64.6,0,rain,0,15.7,68.9,40.1
2023-06-07,14.2,14,9.6,75.4,0,,0,18.5,88.1,48.8
2023-06-08,14.1,13.6,8.9,72.8,0,,0,22,88.8,73.5
2023-06-09,16.2,16.2,10.5,70,0,,0,23,97.5,76.8
2023-06-10,16.9,16.9,13.7,81.4,0.082,rain,0,21.2,107.9,92.3
2023-06-11,18.9,18.9,15.5,81.9,0.168,rain,0,15.8,185.8,89
2023-06-12,17.4,17.4,15.3,87.8,0.071,rain,0,15.5,332.3,92.8
2023-06-13,18,18,15.7,87.4,0.284,rain,0,18.7,30.1,87.5
2023-06-14,19.3,19.3,11.6,64.1,0.035,rain,0,19.9,98.6,50.2
2023-06-15,17.6,17.6,12.8,74.4,0.2,rain,0,10.8,113.9,73.7
2023-06-16,16.6,16.6,14.4,86.7,0.017,rain,0,24.2,120.4,81.7
2023-06-17,16.9,16.9,14.8,87.9,0.244,rain,0,14.3,124.5,79.7
2023-06-18,15.7,15.7,13.8,89,3.565,rain,0,19.7,121.8,73.8
2023-06-19,16.3,16.3,12.9,82.1,0.779,rain,0,18,219,61.4
2023-06-20,15.7,15.7,13.5,87.3,1.313,rain,0,22,208,66.7
2023-06-21,15.5,15.5,11.3,78.5,2.225,rain,0,19.2,278.8,58.7
2023-06-22,15.7,15.6,10.7,74.3,0,rain,0,15,162.9,49.6
2023-06-23,17.1,17.1,16,93.7,0.563,rain,0,23.6,187.8,91.4
2023-06-24,18.5,18.5,16,86.5,0.719,rain,0,30.3,184,88.6
2023-06-25,15.5,15.5,11.4,77.6,13.175,rain,0,29.5,226.5,67.3
2023-06-26,14.2,14.2,10.7,80.5,0.245,rain,0,22.7,230.3,76.2
2023-06-27,15.9,15.9,14.8,93.1,0.146,rain,0,29.8,215.2,94
2023-06-28,14.4,14.4,10.7,80,1.149,rain,0,24.1,283.9,78.7
2023-06-29,14.1,14.1,10.1,77.6,0.044,rain,0,26.3,245.4,86.4
2023-06-30,14.1,14.1,13.3,95.2,1.633,rain,0,29.4,261.1,93.4
2023-07-01,13.5,13.5,9.9,79.4,0.274,rain,0,30.2,281.1,87.5
2023-07-02,13,13,8.4,74.3,0.053,rain,0,34.1,272.4,81.5
2023-07-03,11.8,11.7,9.1,84.3,1.539,rain,0,32.4,265.1,79.8
2023-07-04,11.7,11.3,9.7,88.1,0.957,rain,0,21.4,278.6,85.1
2023-07-05,12.3,12.3,10.2,87.5,1.634,rain,0,26.5,255.4,78.9
2023-07-06,13.2,13.2,12.6,96.1,2.495,rain,0,30.9,175.3,94.1
2023-07-07,17.2,17.2,14.6,85.3,0.938,rain,0,30.1,164.5,88.8
2023-07-08,16.5,16.5,12.4,77.5,0.196,rain,0,33.8,163.3,79.3
2023-07-09,14.2,14.2,11.1,82.5,0.787,rain,0,18.6,169.7,69.8
2023-07-10,14.4,14.4,12.4,88.7,0.897,rain,0,17.3,214.7,86.2
2023-07-11,14,14,11.7,87.1,0.409,rain,0,24.3,284.3,73.2
2023-07-12,14.1,14.1,10.8,81.4,0.894,rain,0,23.9,278.2,80.3
2023-07-13,13.3,13.3,11.6,89.6,0.778,rain,0,17.6,210.3,80.7
2023-07-14,13.6,13.6,13,96.1,4.961,rain,0,21,78.3,91.4
2023-07-15,13.4,13.4,12.7,95.6,4.293,rain,0,32.4,295,95.6
2023-07-16,13.8,13.8,10.9,83.8,1.803,rain,0,23.6,280.6,82.4
2023-07-17,14,14,10.8,82,0.27,rain,0,14.3,271.2,67.9
2023-07-18,14.4,14.4,11.9,86.2,1.275,rain,0,18.3,40.7,81.6
2023-07-19,13.7,13.6,10.2,80.3,0.135,rain,0,16.6,316.7,69.9
2023-07-20,12.4,12.2,10.1,86,0.25,rain,0,21.6,308.5,81
2023-07-21,12.8,12.8,11.8,94.2,1.193,rain,0,19.5,231.7,90.5
2023-07-22,15.8,15.8,15.3,97.2,2.994,rain,0,15.4,224.7,96.2
2023-07-23,15.3,15.3,13.4,88.8,2.866,rain,0,23.7,19.5,89.1
2023-07-24,14.1,14.1,9.6,75.4,0.018,rain,0,19.2,350.9,74.3
2023-07-25,13.4,13.3,10,81.2,0,rain,0,15,241.3,73.6
2023-07-26,14.9,14.9,14.4,96.5,2.622,rain,0,19.3,181.9,95
2023-07-27,15.8,15.8,13.8,88.6,0.778,rain,0,20.2,259,91.9
2023-07-28,13.9,13.9,11.8,87.6,1.377,rain,0,27.1,195.6,84.1
2023-07-29,14.3,14.3,11,81.2,0.953,rain,0,31.9,249.4,75.7
2023-07-30,14.4,14.4,13.4,93.7,2.427,rain,0,27.9,229.6,90.8
2023-07-31,15.1,15.1,13.1,88.3,0.823,rain,0,34.7,260.4,89.6
2023-08-01,14.6,14.6,12.3,86.2,0.245,rain,0,21.2,214.3,80.8
2023-08-02,14.6,14.6,12.8,89,2.897,rain,0,26.7,11.2,88.5
2023-08-03,13.6,13.6,11.2,85.7,0.457,rain,0,28.1,332.1,82.5
2023-08-04,12.4,12.3,9.9,85.2,0.702,rain,0,19.2,245.2,80.3
2023-08-05,13.1,13.1,10.2,83.2,5.539,rain,0,25,352.6,75
2023-08-06,14.1,14.1,10.7,81.1,0.288,rain,0,25.2,286.1,72.6
2023-08-07,13.8,13.8,10.9,83.4,0.07,rain,0,15.8,242.1,90.9
2023-08-08,14.4,14.4,11.7,85.2,0.17,rain,0,7.2,33.4,86.5
2023-08-09,18.4,18.4,16.1,87.1,0.094,rain,0,16.6,196.2,81.3
2023-08-10,17.7,17.7,15.6,88,0.217,rain,0,26.3,154.5,74.4
2023-08-11,15.7,15.7,13.7,88.6,0.58,rain,0,32.8,188.7,82.9
2023-08-12,15.3,15.3,13.6,90.4,2.837,rain,0,29,225.2,85
2023-08-13,14.7,14.7,12.1,85,0.892,rain,0,21.9,227,82.8
2023-08-14,15.1,15.1,12.7,86.3,0.198,rain,0,18.5,316.5,82.4
2023-08-15,14.8,14.8,12.3,85.5,0.255,rain,0,13.2,310,84.2
2023-08-16,15.3,15.3,12.1,82.5,0,rain,0,14.4,101.5,81.3
2023-08-17,16.6,16.6,12.5,78.6,0.018,rain,0,26.3,127.5,74.2
2023-08-18,17,17,15.6,91.7,2.075,rain,0,33,112,92.8
2023-08-19,16.3,16.3,15,92.1,4.263,rain,0,31.2,212.8,83.8
2023-08-20,15.9,15.9,13.8,87.8,0.156,rain,0,31.4,192.5,79.5
2023-08-21,15.7,15.7,14,89.6,0.112,rain,0,33.8,204.1,85.3
2023-08-22,15.1,15.1,13,87.3,1.08,rain,0,20.5,240.1,79.6
2023-08-23,14.4,14.4,12.1,86.9,0.059,rain,0,18.6,213.2,82.3
2023-08-24,12.2,11.9,9.5,84.2,0.086,rain,0,24,262,65.9
2023-08-25,13.3,13.3,11.2,87.2,0.655,rain,0,23.6,315.6,75.6
2023-08-26,13.4,13.4,11.7,89.9,0.363,rain,0,24.6,322.7,85.9
2023-08-27,13.6,13.6,11.5,87.6,1.369,rain,0,25.9,300.9,87.9
2023-08-28,13.8,13.8,11.9,88.3,0.154,rain,0,16.9,269.6,91.7
2023-08-29,13.2,13.2,10.4,84.5,0.065,rain,0,23.1,286.3,76
2023-08-30,12.5,12.5,10,85.6,0.047,rain,0,14.9,229.6,89.9
2023-08-31,14,14,12.6,92,2.668,rain,0,18.1,179.2,84.1
2023-09-01,14.7,14.6,12.3,87,0.383,rain,0,13.2,77.5,65.5
2023-09-02,14.3,14.3,13.3,93.7,0.057,rain,0,13.3,156.9,85
2023-09-03,15.3,15.3,12.8,85.7,0.035,rain,0,20.3,216.6,82.5
2023-09-04,16.2,15.9,13.6,86,0.074,rain,0,14.7,99.5,60
2023-09-05,19,19,14.9,78,0,,0,26,85.8,59.9
2023-09-06,18.6,18.6,15.5,82.6,0.003,rain,0,21.2,156.1,74.1
2023-09-07,21.1,21.1,16.6,77.3,0,,0,17.2,135,40.9
2023-09-08,19.7,19.7,17.3,87.1,0.018,rain,0,13.3,173.7,67.1
2023-09-09,17.8,17.8,16.7,93.3,0.591,rain,0,14.1,216.4,92.4
2023-09-10,17.3,17.3,15.6,90,0.003,rain,0,14.8,283.7,87.6
2023-09-11,13.9,13.8,12,88.6,0.886,rain,0,21.9,331.7,88.1
2023-09-12,11.5,11.2,7.7,79.1,0.159,rain,0,13.5,344.8,50.9
2023-09-13,10.3,9.9,9.3,93.3,1.325,rain,0,24.9,179.3,77.8
2023-09-14,12.8,12.8,10,84.2,0.159,rain,0,14.2,258.7,69.4
2023-09-15,11.4,11.4,8.9,85,0.041,rain,0,14.2,7.4,84.1
2023-09-16,12.1,11.7,8.7,80.3,0.018,rain,0,25.4,24.7,57.9
2023-09-17,13.1,13.1,12.5,96.1,0.956,rain,0,13.3,7,96.6
2023-09-18,11.4,11.2,8.8,84.7,0.586,rain,0,26,258,72.5
2023-09-19,14.3,14.3,13.3,94.3,3.709,rain,0,34.9,220.1,92.4
2023-09-20,12.4,12.2,10.3,87.3,5.442,rain,0,32.2,236.8,78.4
2023-09-21,9.7,8.9,7.6,87.7,0.578,rain,0,23.3,261,57.8
2023-09-22,9.7,8.6,6.6,81.9,1.071,rain,0,26.7,316.4,62.4
2023-09-23,10.3,10,8.5,89.3,0.265,rain,0,27.1,150.3,85.6
2023-09-24,14.6,14.6,13.7,94.1,3.666,rain,0,26.2,183.9,87.4
2023-09-25,14.5,14.5,11.5,83.3,1.323,rain,0,34.7,201.4,81.5
2023-09-26,13.1,13,10.9,86.8,2.135,rain,0,30.1,199.4,68.8
2023-09-27,12.6,12.3,11.6,93.9,2.826,rain,0,35.9,132.4,82.4
2023-09-28,12.3,12.3,10.5,88.6,0.969,rain,0,35.1,201.5,76.3
2023-09-29,12.5,12.5,10,85,0.409,rain,0,23,241.1,60.2
2023-09-30,11.9,11.5,11.3,96.4,1.29,rain,0,32,160.7,90.5
2023-10-01,14,14,11.4,85.4,0.024,rain,0,26.8,213.8,49.4
2023-10-02,12.3,12.3,10.6,89.7,0.062,rain,0,21.6,209.3,69.6
2023-10-03,11.7,11.4,9.7,88.2,0.309,rain,0,25.8,245.9,67
2023-10-04,13.5,13.5,11.8,89.8,0.107,rain,0,27.4,223.5,86.1
2023-10-05,14.3,14.3,13.7,96.1,2,rain,0,30.8,202.4,92.7
2023-10-06,15.7,15.7,15.3,97.2,0.732,rain,0,28.8,217.6,97.3
2023-10-07,16,16,14.3,89.9,0.044,rain,0,24.9,212.6,91.6
2023-10-08,15.2,15.2,13.8,91.6,0,,0,13.2,190.7,89.2
2023-10-09,15.4,15.4,12.9,86.7,0.08,rain,0,18,202.7,87.1
2023-10-10,15.1,15.1,14.1,93.8,0.183,rain,0,25.8,215.5,92.5
2023-10-11,10.3,9.8,7.4,82.7,0.383,rain,0,14.3,339.9,78.6
2023-10-12,8.1,8,4.2,77.7,0,,0,10.6,199.7,88.5
2023-10-13,9.2,8.2,6,80.9,0.04,rain,0,33.1,294.6,65.7
2023-10-14,6.8,4.8,4,83.2,0.108,rain,0,22.3,301.3,43.8
2023-10-15,5.7,5,2.8,82.7,0.03,rain,0,8.5,156.1,75
2023-10-16,7,5.4,3.7,80.5,0,,0,17.6,97.6,52.9
2023-10-17,7.7,4.8,6,89.6,1.577,rain,0,29.4,95.2,81.3
2023-10-18,11.2,10.3,10.5,95.6,7.019,rain,0,30,108.3,93.7
2023-10-19,12.6,12.6,12.1,97,1.483,rain,0,19,93.3,96
2023-10-20,11.7,11.1,10.9,94.6,0.222,rain,0,26.3,73.5,93.3
2023-10-21,7.4,5.9,5.2,86.4,0.206,rain,0,14.7,328.9,67
2023-10-22,7.3,6.5,5.5,89.1,0,rain,0,14.8,128.4,70.6
2023-10-23,10,9,9.4,95.7,3.859,rain,0,19.2,109.3,90.8
2023-10-24,10,9.1,8.7,92.2,0.388,rain,0,15.3,89.4,74.7
2023-10-25,9,7.2,8.3,95.5,0.056,rain,0,22.1,113.8,83.4
2023-10-26,10.2,9,9.5,95.8,2.857,rain,0,22.9,158.1,79.7
2023-10-27,8.7,7.1,7.9,94.8,0.091,rain,0,19.2,111.1,71.9
2023-10-28,9.9,8.5,8.8,93.2,0.042,rain,0,18.3,120.3,86.4
2023-10-29,8.2,6.7,7.6,95.9,0.734,rain,0,20.4,67.9,87.1
2023-10-30,9.2,7.9,8.5,95.4,0.489,rain,0,16.7,84.7,88.2
2023-10-31,8.9,6.8,8.2,95.2,0.389,rain,0,31.4,98.2,82.6
2023-11-01,8.3,6.4,6.9,91,6.521,rain,0,31.9,192.9,76
2023-11-02,7.1,5.3,6.2,94.3,0.711,rain,0,16.6,208.8,72
2023-11-03,7.4,5.7,5.9,90.3,0.477,rain,0,22,300,60.4
2023-11-04,6.6,4.1,5.9,95.7,0.18,rain,0,19.4,32.1,88
2023-11-05,7.9,5.6,6.7,91.9,0.614,rain,0,19.6,263.2,68.5
2023-11-06,8.3,5.3,6.9,90.8,0.768,rain,0,29.5,260,73.8
2023-11-07,8.2,6,6.4,88.6,0.29,rain,0,22.7,234.8,71.5
2023-11-08,6.9,3.5,4.9,87.2,1.708,rain,0,47.3,227.7,71.1
2023-11-09,6.3,3.4,5.2,92.5,2.021,rain,0,20.1,215.1,80.8
2023-11-10,7.3,4.8,5.8,90.6,2.132,rain,0,30.8,310.5,61
2023-11-11,4,1.6,3,93.5,0.053,"rain,snow",0,19.4,107.2,71
2023-11-12,8.4,6,7.6,94.2,2.566,rain,0,25.2,144.5,84.3
2023-11-13,9.9,8.5,8.7,92.3,5.641,rain,0,46.5,250.2,79.9
2023-11-14,9.9,8.4,8.1,88.6,3.825,rain,0,29.4,245.9,73.4
2023-11-15,7.4,5.4,4.9,84.5,0.145,rain,0,24,245.2,75.4
2023-11-16,5.3,2.9,4.4,94.1,0.338,rain,0,18.7,181.1,82.8
2023-11-17,6.6,4,5.5,92.7,1.086,rain,0,29.6,180.5,79.4
2023-11-18,11.8,11.8,11.2,95.7,1.834,rain,0,32,213.8,92.5
2023-11-19,10.2,9.7,9.3,94.1,3.051,rain,0,33.9,240.6,91.5
2023-11-20,9.1,6.6,7.9,92.5,0.396,rain,0,31.7,324.9,79.9
2023-11-21,7.8,5.9,6.6,92.3,0.044,rain,0,18.8,263.8,85.4
2023-11-22,11.2,11,9.8,91,0.336,rain,0,26.6,251.6,97.6
2023-11-23,10.9,10.7,10,93.8,0.115,rain,0,29.3,274.3,94.4
2023-11-24,7.3,5.8,4.9,85.4,0.124,rain,0,12.5,341.7,86.2
2023-11-25,5.1,2.8,3.2,87.6,0.018,rain,0,13.7,115.3,96.1
2023-11-26,8.9,7.6,8.6,98.1,0.918,rain,0,12.9,186.6,91
2023-11-27,6.8,4.6,5.2,90,0.199,rain,0,22.1,337.8,64.9
2023-11-28,4.7,3.7,3.7,93.5,0.143,rain,0,10.1,303.3,85.4
2023-11-29,2.4,-0.1,0.7,89,0.057,rain,0,15.3,63.6,65.8
2023-11-30,0.9,-2.1,-2.1,81,0.009,"rain,snow",0,16.9,20.5,59.4
2023-12-01,1.1,0.2,0,92.9,0.157,"rain,snow",0,6.9,177.2,69.1
2023-12-02,0.4,-0.8,0.1,97.7,0.133,"rain,snow",0,7.8,140.3,80.6
2023-12-03,0.6,-2.6,0.3,97.7,0.018,"rain,snow",0,14.7,58.9,77.8
2023-12-04,1.2,-2.4,-0.1,90.9,0.102,"rain,snow",0,17.6,332.9,46.8
2023-12-05,1.5,-0.8,0.4,92.4,0.017,"rain,snow",0,16.2,87.6,56.8
2023-12-06,6.2,2.1,5.4,95,3.001,rain,0,35.3,134.9,93.1
2023-12-07,8.9,6.3,7.7,92.5,1.766,rain,0,25.8,165.8,78.7
2023-12-08,8.6,5.2,7.9,94.9,4.758,rain,0,34.6,218.1,92.4
2023-12-09,8.6,5.4,6,84.5,1.909,rain,0,49.5,262.2,82.5
2023-12-10,7.9,4.9,7,94.1,2.824,rain,0,39.6,227.1,84.7
2023-12-11,6.7,4.4,6.2,96.4,1.739,rain,0,21.7,158.3,71.1
2023-12-12,7.3,5.4,6.8,96.9,1.776,rain,0,18.6,2.8,86.3
2023-12-13,6.9,4.5,5.7,91.7,0.121,rain,0,18.2,276.2,79.5
2023-12-14,8.5,6.1,5.3,81.1,0.234,rain,0,28,254.9,89.9
2023-12-15,9.4,8.3,8.3,92.9,0.091,rain,0,24.9,213,88.4
2023-12-16,10.2,9.5,9.6,95.9,0.171,rain,0,35.9,212.4,92
2023-12-17,11,11,10.5,96.3,2.514,rain,0,49.7,208.9,97
2023-12-18,9.8,9.2,9.4,97.2,0.312,rain,0,23.8,238.3,91.7
2023-12-19,6.8,3.8,5.1,88.6,0.175,rain,0,26.2,274.7,75.9
2023-12-20,9.9,8,8.8,92.4,0.364,rain,0,42.6,280.3,92.8
2023-12-21,10.3,9.2,8.9,90.7,0.252,rain,0,48.8,287.7,91.8
2023-12-22,9.6,6.1,7.6,87.5,0.218,rain,0,41.6,281.5,89
2023-12-23,10.8,10.1,9.4,91.4,1.279,rain,0,33.1,241.4,92.7
2023-12-24,10.5,9.3,8.8,89.5,0.743,rain,0,39.4,252.6,88.3
2023-12-25,8.2,5.1,5.7,84.5,0.664,rain,0,31.2,247.2,74
2023-12-26,4.1,1.4,3.4,94.7,0.165,rain,0,39.9,116.1,72.2
2023-12-27,7.3,4.3,6.5,94.8,6.069,rain,0,36.2,196.8,80.9
2023-12-28,7.1,3,4.6,84.7,0.674,rain,0,37.1,240.1,67.6
2023-12-29,5.1,1.3,1.9,79.9,1.152,rain,0,35.9,253.5,58.7
2023-12-30,5.6,1.6,4.3,91,4.601,rain,0,36.3,159.5,82.5
2023-12-31,6.3,2.2,5.1,91.7,2.078,rain,0,33.2,270.5,79.5
2024-01-01,5.2,1.9,3.8,91.1,2.349,rain,0,26.2,187.7,75
2024-01-02,8.2,5.9,7.3,93.6,1.435,rain,0,23,219.7,78.2
2024-01-03,6.9,4.7,6.3,95.9,0.838,rain,0,22.3,236.5,80.6
2024-01-04,5.3,2.8,4.3,93.4,1.314,rain,0,20.4,245.8,60.5
2024-01-05,3.8,1.1,2.7,92.2,0.07,rain,0,22.8,295.4,46.8
2024-01-06,3.3,1.6,2.1,92.2,0.162,"rain,snow",0,12.6,300.5,53.3
2024-01-07,1.6,0.6,0.5,92.7,0,,0,8.3,80.9,53.2
2024-01-08,0.6,-2.6,-0.8,90.8,0,,0,15.1,104.1,69.1
2024-01-09,1.7,-2.5,-1.5,80.2,0,,0,19.4,75.8,48.8
2024-01-10,1.5,-1.9,-0.7,85.7,0,,0,17.2,54.3,49.4
2024-01-11,4.6,2.1,1.8,82.1,0,,0,16.7,57.7,95.8
2024-01-12,2.4,1.2,0.3,85.8,0,,0,10.2,71.8,99.4
2024-01-13,3.6,2.5,2.8,94.7,0.135,rain,0,10.6,293.9,93.8
2024-01-14,2.5,0.4,1.6,93.8,0.05,rain,0,12.2,340.2,71.9
2024-01-15,1.1,-0.7,0,92.3,0.127,"rain,snow",0,15.2,311.2,82
2024-01-16,2.9,-0.5,1.4,90.1,0.331,rain,0,22.2,242.4,81.3
2024-01-17,0.1,-2.1,-0.7,94.5,0.211,"rain,snow",0.1,12,336,64.5
2024-01-18,-0.3,-3.5,-1.7,90.6,0.226,"rain,snow",0,16.8,296.4,36.1
2024-01-19,1.8,-2.6,-0.5,85.5,0.078,"rain,snow",0,29.6,184.3,76.9
2024-01-20,7.9,4.3,6.9,93.6,1.795,rain,0,34.6,197.1,84.5
2024-01-21,8.8,6.4,7.3,90.4,6.772,rain,0,59.3,222.1,91.3
2024-01-22,6.3,1.6,2.4,76.5,1,rain,0,42.1,260.6,60.6
2024-01-23,9.4,7.1,7.4,87.8,1.88,rain,0,51.2,227.1,89.8
2024-01-24,7.9,4.9,5,82.4,1.006,rain,0,44.6,247.2,67.7
2024-01-25,9.6,8.3,8.8,94.8,1.029,rain,0,35.2,204.5,90.5
2024-01-26,6.3,2.4,3.5,82.8,6.118,rain,0,30.8,235.7,52
2024-01-27,8.4,4.9,6.4,87.4,0.424,rain,0,30.6,185.4,84.7
2024-01-28,9,7.7,6.5,84.3,0.498,rain,0,37.6,197.3,84.6
2024-01-29,3.5,1.6,0.8,83.1,0.029,rain,0,13.1,340.2,58.8
2024-01-30,3.2,0.7,1.1,86.2,0.07,"rain,snow",0,23.9,201.5,67.2
2024-01-31,6.7,3.2,5.2,90.4,1.825,rain,0,39.3,221.7,88.9
2024-02-01,7,4.1,5.1,87.8,0,,0,29.3,213.4,90.8
2024-02-02,10.7,10.2,9.9,95,0.543,rain,0,26.9,231.3,94.6
2024-02-03,8.5,6.3,5.7,82.8,0.383,rain,0,23.6,258.4,84.5
2024-02-04,10.4,9.6,8.1,85.7,0.203,rain,0,41.7,241.7,90.1
2024-02-05,9.9,8.1,8,88.3,0.017,rain,0,27.4,232.4,92.4
2024-02-06,6.7,4.8,4.6,86.9,3.383,rain,0,28.5,300.6,86.6
2024-02-07,3.2,1.4,0.8,84.8,0.104,rain,0,18.6,41.5,80.7
2024-02-08,2.3,-3,1.4,94.4,3.406,"rain,snow",3.7,29.6,83,96.2
2024-02-09,5.1,1.1,4.5,95.9,2.324,rain,0,26.1,94.8,92.1
2024-02-10,5.6,3.4,4.8,94.6,0.119,rain,0,16.3,44.6,87.3
2024-02-11,5.1,1.9,2.9,86,0.162,rain,0,24.8,256.5,54.8
2024-02-12,4.5,1,1.7,82.2,0.434,rain,0,32.5,240.9,44.3
2024-02-13,5.1,3.3,3.8,91.3,0.368,rain,0,11.9,138.1,78.8
2024-02-14,10,9.5,9.8,98.3,0.84,rain,0,24.4,176.4,92.5
2024-02-15,10.2,9.6,9.5,95.6,1.994,rain,0,25.2,205.1,90.2
2024-02-16,9.9,8.8,9.3,96.3,0.165,rain,0,16.6,216.5,93.4
2024-02-17,10.3,9.3,9.7,96.4,1.091,rain,0,20.5,190.3,94.8
2024-02-18,10.1,9,9,93.1,0.389,rain,0,22.3,222.4,79
2024-02-19,9.5,7.3,7.2,85.3,0.664,rain,0,36.2,235.9,75.5
2024-02-20,9.6,8.7,7.5,87.4,1.254,rain,0,35.8,227.1,72.6
2024-02-21,8.2,5.8,6.4,89.3,0.746,rain,0,33.1,219.1,77.3
2024-02-22,3.9,0.5,2.1,88.2,1.843,rain,0,24.7,239.4,70.6
2024-02-23,3.8,0.6,2.2,89.9,1.766,rain,0,27,243.1,74.9
2024-02-24,5.5,3.2,3.3,86.9,0.262,rain,0,16.9,298.8,69.9
2024-02-25,5.3,1.9,2.9,85.1,0,rain,0,21.1,41.4,82
2024-02-26,5.6,3.1,1.8,77.2,0.064,rain,0,16.3,321.1,60
2024-02-27,7.9,5,4.7,80.6,0.631,rain,0,29.9,251,87.9
2024-02-28,8.5,6.4,7.2,91.9,1.277,rain,0,27,215.2,88.3
2024-02-29,3.9,0.1,1.8,86.1,1.006,"rain,snow",0.5,30.5,224.9,67.2
2024-03-01,2.4,-1.2,0.3,87,3.213,"rain,snow",0.5,30.2,352.6,63.2
2024-03-02,3.5,-0.7,1.6,87.8,1.166,rain,0,33,331.4,68.5
2024-03-03,5.1,2.4,3,87,0.654,rain,0.2,19.2,279.8,64.1
2024-03-04,5.2,1.1,3.4,88.4,0.041,rain,0,36.7,114.4,89.1
2024-03-05,8,5,4.7,80.3,0.357,rain,0,34.5,194.5,80.9
2024-03-06,8.6,6,6.5,86.6,0,rain,0,27.1,132.4,80.5
2024-03-07,8.2,5.1,4.8,79.9,0,,0,29.1,122.2,68.1
2024-03-08,5.8,1.6,2.3,78.3,0,rain,0,32.6,94.8,76.2
2024-03-09,5.4,1.2,1.8,77.8,0,rain,0,29.5,62.7,76.5
2024-03-10,6.4,4.2,4.2,85.7,0.053,rain,0,15.3,26.7,91.2
2024-03-11,7,5.6,6.1,93.8,0.714,rain,0,21.5,130.9,90.7
2024-03-12,9.3,8.1,8.7,96.6,1.358,rain,0,36.2,203.7,95.3
2024-03-13,8.2,6.5,5.1,81.8,3.249,rain,0,36.2,246.9,84.4
2024-03-14,8.3,6.7,7.8,96.6,1.943,rain,0,21.8,157.6,95.2
2024-03-15,8,6.1,5,82.7,0.206,rain,0,19.2,337,50.6
2024-03-16,7.9,6,7.2,95.6,2.158,rain,0,23.4,152,87.3
2024-03-17,10.1,9.1,8.4,89.5,0.586,rain,0,24.3,198.5,82.1
2024-03-18,9.3,7.7,8.3,93.7,1.103,rain,0,37,186.5,80.3
2024-03-19,8.6,7.2,7,89.9,1.655,rain,0,20.2,278.8,73.2
2024-03-20,7.8,6.2,4,78.7,0.159,rain,0,15.5,319.8,52.5
2024-03-21,9.2,7,7.4,88.8,0.429,rain,0,34.1,228,89.2
2024-03-22,6.2,2.4,2.6,78.5,0.284,rain,0,31.6,276.5,52.2
2024-03-23,5.8,1.7,2.6,80.2,0.646,rain,0,37.5,293.7,66.6
2024-03-24,6.3,3.6,5.1,92.1,0.227,rain,0,18.5,181.1,92.8
2024-03-25,8.4,6.3,7.6,94.9,3.383,rain,0,23,107.4,89.9
2024-03-26,5.9,2.4,5,93.7,0.958,rain,0,29.5,51.1,92.4
2024-03-27,5.3,1.8,3.4,87.8,1.494,rain,0,26.8,125.2,87.5
2024-03-28,3.7,1.5,2.1,89.6,0,rain,0,16.6,30.1,60.1
2024-03-29,5.7,3.8,3.5,86.5,0.8,rain,0,20.5,162.4,53.8
2024-03-30,7.1,4.6,3.4,78.8,0.3,rain,0,26.6,150.9,54.7
2024-03-31,8.4,6.6,5.6,83.6,5.6,rain,0,25.1,106.5,75.9
2024-04-01,7.3,4.6,4.8,83.8,0,rain,0,21.3,70.9,87.8
2024-04-02,7.9,6.7,4.9,82.7,0,rain,0,14.8,98.5,78.3
2024-04-03,8.2,7.5,5.6,84.5,0.159,rain,0,13,318.2,83.3
2024-04-04,7.9,6,6.8,92.8,0.202,rain,0,26,106.1,93.5
2024-04-05,10.9,10.5,9.6,92.2,2.992,rain,0,39.8,174.9,90.9
2024-04-06,11.3,10.6,8.1,81.2,1.114,rain,0,55.4,183.8,78.5
2024-04-07,8.6,5.4,4.5,75.6,0.19,rain,0,44.2,216.6,55
2024-04-08,6.1,4.3,4.5,89.4,0.406,rain,0,18.7,288,64.6
2024-04-09,7.3,4.7,2.8,74.3,0.068,rain,0,30.4,292,43.4
2024-04-10,10.3,9.2,9.6,95.2,2.053,rain,0,31.4,201.7,95.4
2024-04-11,12,12,11,93.7,1.74,rain,0,27.6,211.2,91.1
2024-04-12,11.2,11,10.6,96.5,0.731,rain,0,33.8,211.9,85.4
2024-04-13,9.5,7.6,5.8,78.8,0.784,rain,0,36,247.9,58.8
2024-04-14,7.4,4.3,5.4,87.1,1.143,rain,0,27,228.9,77.8
2024-04-15,7.1,2.6,3.5,78.6,1.028,rain,0,43.7,295.5,71.5
2024-04-16,7.8,5.3,4.4,79.6,0.525,rain,0,24.8,315.9,70.2
2024-04-17,7.9,5.9,5.7,85.9,1.119,rain,0,31.9,304.4,84.4
2024-04-18,9,7.8,7,87.7,0.342,rain,0,28.8,279,87.5
2024-04-19,10.1,8.9,7.3,84.1,0.133,rain,0,24.7,318.5,85.1
2024-04-20,9.3,8.7,4.2,73.2,0,,0,9.7,55.5,47.6
2024-04-21,11.5,11.3,6,71.6,0,,0,11.8,29.6,22.5
2024-04-22,10.4,9.7,6.6,78.6,0,,0,26,358.1,69.7
2024-04-23,10,8.9,6.7,80.5,0.044,rain,0,25.9,347,75.7
2024-04-24,9,8.1,3.8,72.2,0.02,rain,0,15.6,341.4,60
2024-04-25,7.5,6,4.6,82.2,0.102,rain,0,20.4,326.4,87.8
2024-04-26,6.4,4.2,1.6,73,0.04,rain,0,19.6,23.7,54.4
2024-04-27,6.5,5.1,1.8,74.2,0.252,rain,0,18.6,4.3,52.1
2024-04-28,7.3,6.1,4.2,81.3,0.568,rain,0,22.4,241.1,76.4
2024-04-29,8.9,7.3,6.5,86.1,1.578,rain,0,26.1,219.1,88.8
2024-04-30,8.2,6.8,6.5,89.4,3.913,rain,0,16.6,94.9,85.3
2024-05-01,9.5,7.9,7.1,85.6,3.6,rain,0,20.4,131.5,77.7
2024-05-02,10.7,10,9.2,90.8,0.403,rain,0,12.3,320,86
2024-05-03,11.1,11.1,10.1,93.6,0.035,rain,0,18.9,286.4,95.9
2024-05-04,10.9,10.8,8.9,87.7,0,rain,0,12.3,257.1,89.6
2024-05-05,11.7,11.6,8.5,81.8,0,,0,13.9,332.1,72.2
2024-05-06,10.8,10.6,8.4,85.5,0.056,rain,0,17.3,350.3,92.5
2024-05-07,10.9,10.5,6.7,75.8,0,,0,10.2,341.9,88.8
2024-05-08,11.3,10.9,8.2,82,0.011,rain,0,21.3,200.4,82
2024-05-09,13.3,13,9.8,80.5,0,,0,13.8,169.5,85
2024-05-10,15.9,15.9,8.8,65.9,0,,0,19.1,177.7,53.6
2024-05-11,14.8,14.5,9.8,73.9,0,rain,0,21.7,169.2,64.7
2024-05-12,13.3,13.3,10.8,84.9,0.017,rain,0,16.9,278.2,86
2024-05-13,12,12,11.1,94.3,1.88,rain,0,25.2,90.3,92
2024-05-14,12.4,12,10.5,89,3.661,rain,0,14.5,81.7,85.1
2024-05-15,14.1,14,10.3,79,0.412,rain,0,16.3,79.3,74.2
2024-05-16,14.3,14.1,9.7,76,0.026,rain,0,21.4,8.9,49.4
2024-05-17,13.6,13.6,11.2,85.9,0.003,rain,0,28.3,349.6,75.2
2024-05-18,12,11.9,9.4,84.8,0,,0,20.1,351.3,75.6
2024-05-19,14.2,13.6,10.4,80,0,rain,0,14.7,355.2,56
2024-05-20,15.5,15.4,12.1,81.6,2.657,rain,0,13.8,60.1,53.9
2024-05-21,13.2,13.2,12.3,93.9,0.354,rain,0,14.5,358.7,90.6
2024-05-22,11.7,11.2,10,89.9,0.425,rain,0,26.8,336.4,90.4
2024-05-23,10.1,8.8,5.2,72.3,0.124,rain,0,26.5,328.2,84.9
2024-05-24,10.9,10.2,6.3,74.6,0,,0,14.3,295.3,73.4
2024-05-25,11.1,10.6,8.3,83.3,0.2,rain,0,23.2,131.7,82
2024-05-26,11.2,10.9,10,92.5,5.363,rain,0,22.1,210.8,90.7
2024-05-27,10.6,10,8.2,86,1.65,rain,0,19.7,207.6,80.4
2024-05-28,12.3,12.3,11.1,92.5,1.8,rain,0,25.9,229.6,94.1
2024-05-29,12.3,12.3,10,86.1,0.132,rain,0,22.5,302.8,88.3
2024-05-30,11,10.9,8.3,83.5,1.325,rain,0,26.6,330.4,87.9
2024-05-31,11.5,10.9,6.9,74.9,0,,0,19.6,339.7,65
2024-06-01,11.6,11,6.8,74.3,0,,0,15.4,342.9,46.2
2024-06-02,13.3,13.2,10.2,82.2,0,rain,0,21.6,289.8,89.2
2024-06-03,13.4,13.4,11.3,87.8,0.077,rain,0,20.6,274.2,94.4
2024-06-04,11.8,11.6,7.1,74.9,0.221,rain,0,35,289.1,75.8
2024-06-05,9.3,8,5.1,76.3,0.059,rain,0,28.4,284.2,78.9
2024-06-06,10.3,9.4,5.5,74,0.121,rain,0,22.7,279.2,75.6
2024-06-07,11.4,10.9,7.7,78.5,0.365,rain,0,24.6,259.6,88.4
2024-06-08,11.6,11.3,6.1,70.7,0.056,rain,0,26.2,300.3,78.2
2024-06-09,10.9,10.8,9.2,89.6,1.773,rain,0,27.1,286.1,92.2
2024-06-10,10.7,10,5.6,72.9,0.383,rain,0,24.9,344.1,57.1
2024-06-11,10,9.1,5.6,75.4,0.018,rain,0,19.2,334.1,75.3
2024-06-12,10.5,10.2,4.6,69.9,0,,0,18,212.1,77.8
2024-06-13,12.5,12.5,10.8,89.9,1.972,rain,0,29.9,196.5,93.8
2024-06-14,11.4,10.8,7.7,79.5,0.94,rain,0,22.6,256.6,71.9
2024-06-15,11.6,11.1,7.6,77.6,1.28,rain,0,17.2,320,65.4
2024-06-16,12.2,11.7,9.2,82.8,0.047,rain,0,21.5,315.8,74.1
2024-06-17,11.8,11.8,9.5,86.1,0.091,rain,0,19.4,342.3,92.6
2024-06-18,11.3,10.8,6.5,73.2,0.089,rain,0,22.1,347.8,82.9
2024-06-19,11.9,11.7,7.2,74.6,0,,0,22.2,288.1,70.5
2024-06-20,12.6,12.4,11,90.2,0.133,rain,0,24.4,204.1,96.6
2024-06-21,13.2,13.2,11.6,90.6,1.363,rain,0,24.8,211.6,88.1
2024-06-22,13.1,13.1,11.2,88.5,0.041,rain,0,21.8,221,89.7
2024-06-23,14.5,14.4,10.8,79.9,0.071,rain,0,18.4,216.8,83.1
2024-06-24,17.3,17.3,14.8,86.5,0.021,rain,0,27.4,210.8,94.3
2024-06-25,14.4,14.4,11,81.5,0.206,rain,0,15.4,350.9,82.8
2024-06-26,12.6,12.3,9.7,83.8,0.075,rain,0,26.3,190.9,75.6
2024-06-27,11.9,11.9,10.5,91.3,0.618,rain,0,35.8,255.8,94.2
2024-06-28,12.2,12.2,9,81.9,0.17,rain,0,24.5,262.3,89
2024-06-29,12.4,12.4,8.7,79.5,0.294,rain,0,24.3,2.8,83.9
2024-06-30,12.1,12.1,9.1,82.6,0.269,rain,0,20.3,294.5,88.2
2024-07-01,12.7,12.7,10.3,85.9,0.441,rain,0,24.5,305.4,90.5
2024-07-02,12.3,12,8.5,79.4,0.059,rain,0,23,239.5,83.8
2024-07-03,12.7,12.7,9.8,82.5,1,rain,0,44.6,270.7,87.1
2024-07-04,12,11.6,7.2,72,0.2,rain,0,41.4,264.2,73.5
2024-07-05,11.1,10.8,7.4,81,1,rain,0,15.6,253,82.3
2024-07-06,11.2,10.7,8.7,84.4,0,rain,0,24.1,293,80.8
2024-07-07,12.5,12.4,8.4,75.9,2.3,rain,0,18.4,331.2,75.7
2024-07-08,14.3,14.3,8.9,73,0.7,rain,0,18.4,95.6,71.4
2024-07-09,13.8,13.8,10.1,78.7,1.2,rain,0,23.3,30,87.3
2024-07-10,13.3,13.3,10.2,81.3,0,rain,0,29.5,321.2,81.8
2024-07-11,12.8,12.8,8.1,73.7,0.1,rain,0,25.9,341.9,86.9
2024-07-12,12.5,12.4,9.8,85,0,rain,0,22.3,327.8,83.6
2024-07-13,14,14,11.1,82.3,0,rain,0,18.4,339.9,93.2
2024-07-14,14.7,14.7,12,84.2,0.7,rain,0,10.3,14.6,90.3
2024-07-15,15.3,15.3,12.3,83.2,0,rain,0,13.7,56.6,82.9
2024-07-16,15.2,15.2,11.3,77.8,0,rain,0,20.4,295.7,87.5
2024-07-17,15.2,15.2,12.9,87.8,1.1,rain,0,22.2,180.4,89.7
2024-07-18,14.6,14.6,11.4,82.1,2.8,rain,0,20.9,222.5,85.4
2024-07-19,14.6,14.6,11.5,82.2,1.7,rain,0,28.4,186,96.2
2024-07-20,14.5,14.5,11.5,82.7,14,rain,0,20.2,304.8,86.3
2024-07-21,14.3,14.3,11.3,82.9,1.2,rain,0,15.8,202.2,97.4
2024-07-22,15.4,15.4,12.8,85.2,1.9,rain,0,18.4,320.8,82.1
2024-07-23,14.7,14.7,10.7,77.9,0.1,rain,0,15.5,227.3,69.8
2024-07-24,14.7,14.7,12.2,84.8,0.1,rain,0,16.9,182,86.2
2024-07-25,15.9,15.9,13.9,88.2,0.9,rain,0,15.1,218.9,98.3
2024-07-26,13.8,13.8,9.8,77.7,0.3,rain,0,22,250.2,65.8
2024-07-27,13.7,13.7,9.2,75.7,0.2,rain,0,16.2,271.8,71.2
2024-07-28,13.4,13.4,9.4,78.3,0.2,rain,0,11.2,322.3,45.3
2024-07-29,14,14,9.7,76.2,0,,0,9,253.8,88
2024-07-30,14.2,14.2,10.2,77.6,0.1,rain,0,24.8,217,79.4
2024-07-31,15.9,15.9,12.8,82.1,1.1,rain,0,20.9,253.8,95.4
2024-08-01,15.9,15.9,13.3,84.8,0,rain,0,22.3,263,71.4
2024-08-02,14.2,14.2,9.7,76.1,0.1,rain,0,19.1,304.7,40.8
